{ 
  "Info": {
    "Tomograph": ["HRRT"],
    "BodyPart": ["brain"],
    "Unit": ["Bq/ml"],
    "Tracer": {
      "MW": [],
      "InjectionType": ["bolus"],
      "Isotope": ["C-11"],
      "Name": ["[C-11]SB"]
    }
  },
  "RadioChem": {
    "InjectedRadioactivityUnits": ["MBq"],
    "InjectedMassUnits": ["ug"],
    "SpecificRadioactivityUnits": ["GBq/umol"],
    "InjectedRadioactivity": [5.101100e+02],
    "InjectedMass": [1.679342e+00],
    "SpecificRadioactivity": [1.035200e+02]
  },
  "Recon": {
    "DiameterFOV": [3.120000e+01],
    "ReconMatrixSize": [256, 256],
    "PSF": {
      "EffectiveResolutionInPlane": [1.218750e-01],
      "EffectiveResolutionAxial": [1.218750e-01]
    },
    "Method": {
      "Name": ["inki-2006-may-OSEM3D-OP-PSF"],
      "Parameter": {
        "Labels": ["subsets","iterations"],
        "Units": ["none","none"],
        "Values": [16, 10]
      }
    }
  },
  "Time": {
    "ScanStart": ["09:36:36"],
    "ScanStartUnits": ["hh:mm:ss"],
    "FrameTimes": {
      "Labels": ["frameStart", "frameEnd"],
      "Units": ["s", "s"],
      "Values": [
        [28, 33],
        [33, 38],
        [38, 43],
        [43, 48],
        [48, 53],
        [53, 58],
        [58, 73],
        [73, 88],
        [88, 103],
        [103, 118],
        [118, 133],
        [133, 148],
        [148, 163],
        [163, 178],
        [178, 193],
        [193, 208],
        [208, 238],
        [238, 268],
        [268, 298],
        [298, 328],
        [328, 448],
        [448, 568],
        [568, 688],
        [688, 808],
        [808, 928],
        [928, 1228],
        [1228, 1528],
        [1528, 1828],
        [1828, 2128],
        [2128, 2428],
        [2428, 3028],
        [3028, 3628],
        [3628, 4228],
        [4228, 4828],
        [4828, 5428],
        [5428, 6028],
        [6028, 6628],
        [6628, 7228]
      ]
    }
  }
}
